category,scenario,failure_mode,existing_control_or_fix,evidence,evidence_level,status,id,severity,occurrence,detection,rpn,priority,impact,residual,evidence_file_sha256
retry_idempotency_issues,restart converts unfinished runs/reports/campaigns to explicit interrupted evidence,Contract violation: restart converts unfinished runs/reports/campaigns to explicit interrupted evidence,The named actual-code contract test checks this behavior; external sockets are denied and model responses are explicit fixtures.,tests/api.test.ts:244,executed_contract,verified_free,CIT-001,8,3,5,120,P1,Repeating or resuming an action creates unwanted extra work.,"Synthetic fixtures establish the stated software contract, not live provider quality or deployed availability.",8c468796da8f29b5be5acfc824d08790759da7389a4e34de03d7152737124607
edge_cases_from_prd,browser API mutations always provide the JSON body required by the server,Contract violation: browser API mutations always provide the JSON body required by the server,The named actual-code contract test checks this behavior; external sockets are denied and model responses are explicit fixtures.,tests/client-request-contract.test.ts:8,executed_contract,verified_free,CIT-002,7,4,5,140,P1,The product returns an outcome that violates its stated workflow.,"Synthetic fixtures establish the stated software contract, not live provider quality or deployed availability.",7d09705cf50253e72c8fd609ec7ea8caf7febb47037146a5851e7c50d54cfa55
security_access_control,verified TLS survives connection-string SSL override parameters,Contract violation: verified TLS survives connection-string SSL override parameters,The named actual-code contract test checks this behavior; external sockets are denied and model responses are explicit fixtures.,tests/database-tls.test.ts:9,reproduced_fixed,fixed_verified,CIT-003,9,3,6,162,P1,"Another account, secret or protected resource becomes accessible.","Synthetic fixtures establish the stated software contract, not live provider quality or deployed availability.",089f74b74e9496ea9f02366ce9a123c062854d9340a72956af4a216c608b55e3
observability_gaps,deterministic assertion failures differ from infrastructure errors,Contract violation: deterministic assertion failures differ from infrastructure errors,The named actual-code contract test checks this behavior; external sockets are denied and model responses are explicit fixtures.,tests/evals.test.ts:11,executed_contract,verified_free,CIT-004,6,4,6,144,P1,"The operator or user cannot distinguish failure, partial evidence and success.","Synthetic fixtures establish the stated software contract, not live provider quality or deployed availability.",77145bef0827b7be2d7665872ff5df0421787fa4fb3ac53330600a661213180d
unhandled_error_paths,exported browser server preserves local boundaries and survives interrupted request bodies,Contract violation: exported browser server preserves local boundaries and survives interrupted request bodies,The named actual-code contract test checks this behavior; external sockets are denied and model responses are explicit fixtures.,tests/export.test.ts:59,executed_contract,verified_free,CIT-005,7,3,5,105,P1,A core action stops or returns a false success.,"Synthetic fixtures establish the stated software contract, not live provider quality or deployed availability.",67463a5b9a58980c93c12ec72912472f7db8fed66f7fb34e8aaf513e63f13cb0
security_access_control,"GitHub URLs reject credentials, paths, escapes and shell syntax before IO","Contract violation: gitHub URLs reject credentials, paths, escapes and shell syntax before IO",The named actual-code contract test checks this behavior; external sockets are denied and model responses are explicit fixtures.,tests/github.test.ts:29,executed_contract,verified_free,CIT-006,9,3,6,162,P1,"Another account, secret or protected resource becomes accessible.","Synthetic fixtures establish the stated software contract, not live provider quality or deployed availability.",23a33ee05c1c3dfb75f57d0180ff5eea3ec3a39079ef6090a952616e5039cce3
data_integrity_partial_writes,source overview reduces the Demo Studio topology without hiding workflow nodes or changing evidence,Contract violation: source overview reduces the Demo Studio topology without hiding workflow nodes or changing evidence,The named actual-code contract test checks this behavior; external sockets are denied and model responses are explicit fixtures.,tests/graph-presentation.test.ts:155,executed_contract,verified_free,CIT-007,8,3,6,144,P1,"Saved source, approval or output no longer matches its authoritative record.","Synthetic fixtures establish the stated software contract, not live provider quality or deployed availability.",a39b1b92385f7fefeaf9835ef411759f92f42fe6e244a2ba5db6782c17707a66
security_access_control,hosted Git clones use private owner caches and never inherit application secrets or gh login,Contract violation: hosted Git clones use private owner caches and never inherit application secrets or gh login,The named actual-code contract test checks this behavior; external sockets are denied and model responses are explicit fixtures.,tests/hosted-github.test.ts:10,executed_contract,verified_free,CIT-008,9,3,6,162,P1,"Another account, secret or protected resource becomes accessible.","Synthetic fixtures establish the stated software contract, not live provider quality or deployed availability.",36c08e1371ee8e25a857dadb00e05b5107f3156093deb634688771ceeebf6bde
security_access_control,"hosted settings fail closed without TLS, proxy authentication or production mode","Contract violation: hosted settings fail closed without TLS, proxy authentication or production mode",The named actual-code contract test checks this behavior; external sockets are denied and model responses are explicit fixtures.,tests/hosting.test.ts:21,executed_contract,verified_free,CIT-009,9,3,6,162,P1,"Another account, secret or protected resource becomes accessible.","Synthetic fixtures establish the stated software contract, not live provider quality or deployed availability.",cef955a268e5a4c88b0bed0d2759c1dcc0073a1143db7da0501c6e1438b77ca9
security_access_control,"source discovery excludes secrets, dependencies and symlinks","Contract violation: source discovery excludes secrets, dependencies and symlinks",The named actual-code contract test checks this behavior; external sockets are denied and model responses are explicit fixtures.,tests/importer.test.ts:34,executed_contract,verified_free,CIT-010,9,3,6,162,P1,"Another account, secret or protected resource becomes accessible.","Synthetic fixtures establish the stated software contract, not live provider quality or deployed availability.",bb9c34a892f4d5869ec95188cec2af32933655398f7b15e2cc3c681868135019
external_dependency_failures,Model Lab: all five mocked providers traverse the same pinned workflow and retain separate outputs/events,Contract violation: model Lab: all five mocked providers traverse the same pinned workflow and retain separate outputs/events,The named actual-code contract test checks this behavior; external sockets are denied and model responses are explicit fixtures.,tests/journey-assessments.test.ts:217,executed_contract,verified_free,CIT-011,7,4,5,140,P1,Upstream failure leaks into the workflow or causes unsupported fallback.,"Synthetic fixtures establish the stated software contract, not live provider quality or deployed availability.",20e68b4ed8b9dd5d460a5c79d8d69636e373cdabe08793663405cebe7dba837f
security_access_control,credential and compatibility gates stop before alignment/inference,Contract violation: credential and compatibility gates stop before alignment/inference,The named actual-code contract test checks this behavior; external sockets are denied and model responses are explicit fixtures.,tests/journey-build.test.ts:197,executed_contract,verified_free,CIT-012,9,3,6,162,P1,"Another account, secret or protected resource becomes accessible.","Synthetic fixtures establish the stated software contract, not live provider quality or deployed availability.",cee88c6d4850465d07802b0ab850a071e615edd2ff254966f873bc7e22a43d6e
security_access_control,Connect customer journey: private access and upload → map/recover → inspect → observe/diagnose → replace/restart,Contract violation: connect customer journey: private access and upload → map/recover → inspect → observe/diagnose → replace/restart,The named actual-code contract test checks this behavior; external sockets are denied and model responses are explicit fixtures.,tests/journey-connect.test.ts:31,executed_contract,verified_free,CIT-013,9,3,6,162,P1,"Another account, secret or protected resource becomes accessible.","Synthetic fixtures establish the stated software contract, not live provider quality or deployed availability.",d8a69ac01085bccca00c281d0772cc91151e8166bd92cf4e9d4da9d868f5ea76
config_feature_flag_drift,production startup cannot silently turn into a development server when the build is missing,Contract violation: production startup cannot silently turn into a development server when the build is missing,The named actual-code contract test checks this behavior; external sockets are denied and model responses are explicit fixtures.,tests/journey-serving.test.ts:9,executed_contract,verified_free,CIT-014,8,3,5,120,P1,Deployment or feature settings violate the intended execution boundary.,"Synthetic fixtures establish the stated software contract, not live provider quality or deployed availability.",66a62a38081ab333d97aa4938aef53ed1390667ec2efe0abdbece892ab9dbf86
external_dependency_failures,Langfuse only accepts official cloud or loopback base URLs,Contract violation: langfuse only accepts official cloud or loopback base URLs,The named actual-code contract test checks this behavior; external sockets are denied and model responses are explicit fixtures.,tests/langfuse.test.ts:100,executed_contract,verified_free,CIT-015,7,4,5,140,P1,Upstream failure leaks into the workflow or causes unsupported fallback.,"Synthetic fixtures establish the stated software contract, not live provider quality or deployed availability.",63f7e338e9bda6e96891d8894694e1da21a14ac791fe61476788dab13f3d0287
billing_credit_mismatches,"pricing keeps Gemini variants, long contexts, and scheduled changes distinct","Contract violation: pricing keeps Gemini variants, long contexts, and scheduled changes distinct",The named actual-code contract test checks this behavior; external sockets are denied and model responses are explicit fixtures.,tests/pricing.test.ts:5,executed_contract,verified_free,CIT-016,8,3,6,144,P1,"Usage, credits or reported costs do not match performed work.","Synthetic fixtures establish the stated software contract, not live provider quality or deployed availability.",21f05f7dbb56f874ce228d9e46cfd0ff6faa7366a720f9e66486383fdb959663
security_access_control,metadata discovery does not prove inference access; 404 disables only that credential/model,Contract violation: metadata discovery does not prove inference access; 404 disables only that credential/model,The named actual-code contract test checks this behavior; external sockets are denied and model responses are explicit fixtures.,tests/providers.test.ts:216,executed_contract,verified_free,CIT-017,9,3,6,162,P1,"Another account, secret or protected resource becomes accessible.","Synthetic fixtures establish the stated software contract, not live provider quality or deployed availability.",4487ca86eee7971d93af3a88a2cd7c6a3eafceb88c1c38a5714435ceace98197
config_feature_flag_drift,"discovery-only source planning is free, defaults honestly and never executes repository code","Contract violation: discovery-only source planning is free, defaults honestly and never executes repository code",The named actual-code contract test checks this behavior; external sockets are denied and model responses are explicit fixtures.,tests/redteam.test.ts:144,executed_contract,verified_free,CIT-018,8,3,5,120,P1,Deployment or feature settings violate the intended execution boundary.,"Synthetic fixtures establish the stated software contract, not live provider quality or deployed availability.",5d20cadf32849b16e5e35a913c3be14fc87be35c72299b1ca3504ecbc98d4c1f
data_integrity_partial_writes,real mapping edits change runtime input and snapshots stay immutable,Contract violation: real mapping edits change runtime input and snapshots stay immutable,The named actual-code contract test checks this behavior; external sockets are denied and model responses are explicit fixtures.,tests/runtime.test.ts:26,executed_contract,verified_free,CIT-019,8,3,6,144,P1,"Saved source, approval or output no longer matches its authoritative record.","Synthetic fixtures establish the stated software contract, not live provider quality or deployed availability.",90b97f4762653d66003918f5c5519028a4430695d178b18352563e0722a8fc3b
data_integrity_partial_writes,"semantic grouping retains unassigned candidates, hidden resources and their evidence edges","Contract violation: semantic grouping retains unassigned candidates, hidden resources and their evidence edges",The named actual-code contract test checks this behavior; external sockets are denied and model responses are explicit fixtures.,tests/semantic-map.test.ts:120,executed_contract,verified_free,CIT-020,8,3,6,144,P1,"Saved source, approval or output no longer matches its authoritative record.","Synthetic fixtures establish the stated software contract, not live provider quality or deployed availability.",c2fe2054e762354e9d0de0264b59881a10855190368615a8de56e66bffa640b3
race_conditions_and_state,delayed account-A 401 cannot expire account B after logout and login,Contract violation: delayed account-A 401 cannot expire account B after logout and login,The named actual-code contract test checks this behavior; external sockets are denied and model responses are explicit fixtures.,tests/session-fence.test.ts:5,executed_contract,verified_free,CIT-021,8,3,6,144,P1,A delayed or concurrent action changes the wrong state.,"Synthetic fixtures establish the stated software contract, not live provider quality or deployed availability.",df5684ede460511c06b03c53e5f06b767ab9131489ca1f4d6d2494d8f63edb48
observability_gaps,"TypeScript routes resolve aliases, model calls and checks while infrastructure stays hidden","Contract violation: typeScript routes resolve aliases, model calls and checks while infrastructure stays hidden",The named actual-code contract test checks this behavior; external sockets are denied and model responses are explicit fixtures.,tests/source-map.test.ts:32,executed_contract,verified_free,CIT-022,6,4,6,144,P1,"The operator or user cannot distinguish failure, partial evidence and success.","Synthetic fixtures establish the stated software contract, not live provider quality or deployed availability.",50cd909d06b39823017d5c492131a05120448a21b50c1a0c6adaa257ffe454eb
security_access_control,"source preview HTTP API enforces inventory, source boundaries, redaction and bounded line windows","Contract violation: source preview HTTP API enforces inventory, source boundaries, redaction and bounded line windows",The named actual-code contract test checks this behavior; external sockets are denied and model responses are explicit fixtures.,tests/source-preview.test.ts:35,executed_contract,verified_free,CIT-023,9,3,6,162,P1,"Another account, secret or protected resource becomes accessible.","Synthetic fixtures establish the stated software contract, not live provider quality or deployed availability.",2c87a7fe55300c730c5359370d76b6505b497ab43143972d4a7020dd5dc4410c
security_access_control,reviews arbitrary Python source and hidden auth support without executing imports or target code,Contract violation: reviews arbitrary Python source and hidden auth support without executing imports or target code,The named actual-code contract test checks this behavior; external sockets are denied and model responses are explicit fixtures.,tests/source-review.test.ts:107,executed_contract,verified_free,CIT-024,9,3,6,162,P1,"Another account, secret or protected resource becomes accessible.","Synthetic fixtures establish the stated software contract, not live provider quality or deployed availability.",2fa5da1c6d5499704ee2ebdb3bb3843e96dc3d3bbeb84037487077621e38eabd
security_access_control,"source bundle saves privately, verifies exact version and hydrates canonical bytes","Contract violation: source bundle saves privately, verifies exact version and hydrates canonical bytes",The named actual-code contract test checks this behavior; external sockets are denied and model responses are explicit fixtures.,tests/source-storage.test.ts:57,executed_contract,verified_free,CIT-025,9,3,6,162,P1,"Another account, secret or protected resource becomes accessible.","Synthetic fixtures establish the stated software contract, not live provider quality or deployed availability.",be03fbedbe0b95204bf9f6d813fab43a370c2cc21414908545dcfb3a5e4d1319
security_access_control,"native tokens are project scoped, rotate, disconnect and remain redacted","Contract violation: native tokens are project scoped, rotate, disconnect and remain redacted",The named actual-code contract test checks this behavior; external sockets are denied and model responses are explicit fixtures.,tests/telemetry.test.ts:102,executed_contract,verified_free,CIT-026,9,3,6,162,P1,"Another account, secret or protected resource becomes accessible.","Synthetic fixtures establish the stated software contract, not live provider quality or deployed availability.",5f4eda1fede93d4e696110a491b437273b3d5988ecde597c4b03b0eedc63a34b
security_access_control,private startup fails closed without actor; proxy enumeration serializes only the selected workspace,Contract violation: private startup fails closed without actor; proxy enumeration serializes only the selected workspace,The named actual-code contract test checks this behavior; external sockets are denied and model responses are explicit fixtures.,tests/tenant.test.ts:30,executed_contract,verified_free,CIT-027,9,3,6,162,P1,"Another account, secret or protected resource becomes accessible.","Synthetic fixtures establish the stated software contract, not live provider quality or deployed availability.",400d38edc2a61392bd3a3648a9fe9faf5aa42443161dad7632cd0db522e059ff
security_access_control,"folder import stores private text files, strips the selected root, and reports excluded resources","Contract violation: folder import stores private text files, strips the selected root, and reports excluded resources",The named actual-code contract test checks this behavior; external sockets are denied and model responses are explicit fixtures.,tests/uploads.test.ts:35,executed_contract,verified_free,CIT-028,9,3,6,162,P1,"Another account, secret or protected resource becomes accessible.","Synthetic fixtures establish the stated software contract, not live provider quality or deployed availability.",026fbc62ca7c61fc5bdda730cec29099d2025deadb961e4de7f1b4b59ef0e976
security_access_control,"origin, Host and content-type boundaries reject foreign or malformed requests","Contract violation: origin, Host and content-type boundaries reject foreign or malformed requests",The named actual-code contract test checks this behavior; external sockets are denied and model responses are explicit fixtures.,tests/api.test.ts:268,executed_contract,verified_free,CIT-029,9,3,6,162,P1,"Another account, secret or protected resource becomes accessible.","Synthetic fixtures establish the stated software contract, not live provider quality or deployed availability.",8c468796da8f29b5be5acfc824d08790759da7389a4e34de03d7152737124607
resource_exhaustion,malicious regex cannot monopolize server,Contract violation: malicious regex cannot monopolize server,The named actual-code contract test checks this behavior; external sockets are denied and model responses are explicit fixtures.,tests/evals.test.ts:38,executed_contract,verified_free,CIT-030,7,3,5,105,P1,"A request exhausts bounded compute, memory or storage.","Synthetic fixtures establish the stated software contract, not live provider quality or deployed availability.",77145bef0827b7be2d7665872ff5df0421787fa4fb3ac53330600a661213180d
edge_cases_from_prd,page and package are usable without exposing server files,Contract violation: page and package are usable without exposing server files,The named actual-code contract test checks this behavior; external sockets are denied and model responses are explicit fixtures.,tests/export.test.ts:158,executed_contract,verified_free,CIT-031,7,4,5,140,P1,The product returns an outcome that violates its stated workflow.,"Synthetic fixtures establish the stated software contract, not live provider quality or deployed availability.",67463a5b9a58980c93c12ec72912472f7db8fed66f7fb34e8aaf513e63f13cb0
security_access_control,"GitHub acquisition isolates Git config, lists authenticated metadata, reuses and preserves managed clones","Contract violation: gitHub acquisition isolates Git config, lists authenticated metadata, reuses and preserves managed clones",The named actual-code contract test checks this behavior; external sockets are denied and model responses are explicit fixtures.,tests/github.test.ts:53,executed_contract,verified_free,CIT-032,9,3,6,162,P1,"Another account, secret or protected resource becomes accessible.","Synthetic fixtures establish the stated software contract, not live provider quality or deployed availability.",23a33ee05c1c3dfb75f57d0180ff5eea3ec3a39079ef6090a952616e5039cce3
security_access_control,parallel relationships retain all original IDs and choose observed over declared or inferred representatives,Contract violation: parallel relationships retain all original IDs and choose observed over declared or inferred representatives,The named actual-code contract test checks this behavior; external sockets are denied and model responses are explicit fixtures.,tests/graph-presentation.test.ts:199,executed_contract,verified_free,CIT-033,9,3,6,162,P1,"Another account, secret or protected resource becomes accessible.","Synthetic fixtures establish the stated software contract, not live provider quality or deployed availability.",a39b1b92385f7fefeaf9835ef411759f92f42fe6e244a2ba5db6782c17707a66
edge_cases_from_prd,Learning Studio keeps its adapter identity while platform capabilities stay explicit,Contract violation: learning Studio keeps its adapter identity while platform capabilities stay explicit,The named actual-code contract test checks this behavior; external sockets are denied and model responses are explicit fixtures.,tests/hosting.test.ts:67,executed_contract,verified_free,CIT-034,7,4,5,140,P1,The product returns an outcome that violates its stated workflow.,"Synthetic fixtures establish the stated software contract, not live provider quality or deployed availability.",cef955a268e5a4c88b0bed0d2759c1dcc0073a1143db7da0501c6e1438b77ca9
edge_cases_from_prd,remote URLs are not silently cloned or executed,Contract violation: remote URLs are not silently cloned or executed,The named actual-code contract test checks this behavior; external sockets are denied and model responses are explicit fixtures.,tests/importer.test.ts:60,executed_contract,verified_free,CIT-035,7,4,5,140,P1,The product returns an outcome that violates its stated workflow.,"Synthetic fixtures establish the stated software contract, not live provider quality or deployed availability.",bb9c34a892f4d5869ec95188cec2af32933655398f7b15e2cc3c681868135019
security_access_control,"Model Lab: five mixed slots isolate invalid credential, incompatible model, provider failure and timeout from success","Contract violation: model Lab: five mixed slots isolate invalid credential, incompatible model, provider failure and timeout from success",The named actual-code contract test checks this behavior; external sockets are denied and model responses are explicit fixtures.,tests/journey-assessments.test.ts:256,executed_contract,verified_free,CIT-036,9,3,6,162,P1,"Another account, secret or protected resource becomes accessible.","Synthetic fixtures establish the stated software contract, not live provider quality or deployed availability.",20e68b4ed8b9dd5d460a5c79d8d69636e373cdabe08793663405cebe7dba837f
edge_cases_from_prd,"alignment is a proposal until acceptance, then runs the accepted graph","Contract violation: alignment is a proposal until acceptance, then runs the accepted graph",The named actual-code contract test checks this behavior; external sockets are denied and model responses are explicit fixtures.,tests/journey-build.test.ts:261,executed_contract,verified_free,CIT-037,7,4,5,140,P1,The product returns an outcome that violates its stated workflow.,"Synthetic fixtures establish the stated software contract, not live provider quality or deployed availability.",cee88c6d4850465d07802b0ab850a071e615edd2ff254966f873bc7e22a43d6e
security_access_control,private GitHub authentication and real local clone establish source access without execution,Contract violation: private GitHub authentication and real local clone establish source access without execution,The named actual-code contract test checks this behavior; external sockets are denied and model responses are explicit fixtures.,tests/journey-connect.test.ts:285,executed_contract,verified_free,CIT-038,9,3,6,162,P1,"Another account, secret or protected resource becomes accessible.","Synthetic fixtures establish the stated software contract, not live provider quality or deployed availability.",d8a69ac01085bccca00c281d0772cc91151e8166bd92cf4e9d4da9d868f5ea76
security_access_control,"Langfuse uses Basic auth and v2 fields, groups traces and syncs idempotently as partial evidence","Contract violation: langfuse uses Basic auth and v2 fields, groups traces and syncs idempotently as partial evidence",The named actual-code contract test checks this behavior; external sockets are denied and model responses are explicit fixtures.,tests/langfuse.test.ts:123,executed_contract,verified_free,CIT-039,9,3,6,162,P1,"Another account, secret or protected resource becomes accessible.","Synthetic fixtures establish the stated software contract, not live provider quality or deployed availability.",63f7e338e9bda6e96891d8894694e1da21a14ac791fe61476788dab13f3d0287
security_access_control,"429 is explicit, redacted, not retried, and does not permanently disable the model","Contract violation: 429 is explicit, redacted, not retried, and does not permanently disable the model",The named actual-code contract test checks this behavior; external sockets are denied and model responses are explicit fixtures.,tests/providers.test.ts:251,executed_contract,verified_free,CIT-040,9,3,6,162,P1,"Another account, secret or protected resource becomes accessible.","Synthetic fixtures establish the stated software contract, not live provider quality or deployed availability.",4487ca86eee7971d93af3a88a2cd7c6a3eafceb88c1c38a5714435ceace98197
data_integrity_partial_writes,explicit behavioral mode on discovery-only source rejects before any model request or persisted plan,Contract violation: explicit behavioral mode on discovery-only source rejects before any model request or persisted plan,The named actual-code contract test checks this behavior; external sockets are denied and model responses are explicit fixtures.,tests/redteam.test.ts:177,executed_contract,verified_free,CIT-041,8,3,6,144,P1,"Saved source, approval or output no longer matches its authoritative record.","Synthetic fixtures establish the stated software contract, not live provider quality or deployed availability.",5d20cadf32849b16e5e35a913c3be14fc87be35c72299b1ca3504ecbc98d4c1f
resource_exhaustion,bounded reflection delivers feedback and releases only corrected output,Contract violation: bounded reflection delivers feedback and releases only corrected output,The named actual-code contract test checks this behavior; external sockets are denied and model responses are explicit fixtures.,tests/runtime.test.ts:59,executed_contract,verified_free,CIT-042,7,3,5,105,P1,"A request exhausts bounded compute, memory or storage.","Synthetic fixtures establish the stated software contract, not live provider quality or deployed availability.",90b97f4762653d66003918f5c5519028a4430695d178b18352563e0722a8fc3b
edge_cases_from_prd,semantic proposals reject forged paths and lines outside the supplied excerpt,Contract violation: semantic proposals reject forged paths and lines outside the supplied excerpt,The named actual-code contract test checks this behavior; external sockets are denied and model responses are explicit fixtures.,tests/semantic-map.test.ts:170,executed_contract,verified_free,CIT-043,7,4,5,140,P1,The product returns an outcome that violates its stated workflow.,"Synthetic fixtures establish the stated software contract, not live provider quality or deployed availability.",c2fe2054e762354e9d0de0264b59881a10855190368615a8de56e66bffa640b3
edge_cases_from_prd,same-account session refresh keeps legitimate current-session 401 effective,Contract violation: same-account session refresh keeps legitimate current-session 401 effective,The named actual-code contract test checks this behavior; external sockets are denied and model responses are explicit fixtures.,tests/session-fence.test.ts:21,executed_contract,verified_free,CIT-044,7,4,5,140,P1,The product returns an outcome that violates its stated workflow.,"Synthetic fixtures establish the stated software contract, not live provider quality or deployed availability.",df5684ede460511c06b03c53e5f06b767ab9131489ca1f4d6d2494d8f63edb48
observability_gaps,JavaScript recognizes HTTP model calls but excludes endpoint strings in comments and metadata checks,Contract violation: javaScript recognizes HTTP model calls but excludes endpoint strings in comments and metadata checks,The named actual-code contract test checks this behavior; external sockets are denied and model responses are explicit fixtures.,tests/source-map.test.ts:93,executed_contract,verified_free,CIT-045,6,4,6,144,P1,"The operator or user cannot distinguish failure, partial evidence and success.","Synthetic fixtures establish the stated software contract, not live provider quality or deployed availability.",50cd909d06b39823017d5c492131a05120448a21b50c1a0c6adaa257ffe454eb
security_access_control,selected source line is returned with accurate line numbers and literal credentials redacted,Contract violation: selected source line is returned with accurate line numbers and literal credentials redacted,The named actual-code contract test checks this behavior; external sockets are denied and model responses are explicit fixtures.,tests/source-preview.test.ts:191,executed_contract,verified_free,CIT-046,9,3,6,162,P1,"Another account, secret or protected resource becomes accessible.","Synthetic fixtures establish the stated software contract, not live provider quality or deployed availability.",2c87a7fe55300c730c5359370d76b6505b497ab43143972d4a7020dd5dc4410c
security_access_control,"redacts literals before model input, preserves source lines, and hashes entire original bytes","Contract violation: redacts literals before model input, preserves source lines, and hashes entire original bytes",The named actual-code contract test checks this behavior; external sockets are denied and model responses are explicit fixtures.,tests/source-review.test.ts:151,executed_contract,verified_free,CIT-047,9,3,6,162,P1,"Another account, secret or protected resource becomes accessible.","Synthetic fixtures establish the stated software contract, not live provider quality or deployed availability.",2fa5da1c6d5499704ee2ebdb3bb3843e96dc3d3bbeb84037487077621e38eabd
security_access_control,foreign owner and forged references reject before any storage request,Contract violation: foreign owner and forged references reject before any storage request,The named actual-code contract test checks this behavior; external sockets are denied and model responses are explicit fixtures.,tests/source-storage.test.ts:77,executed_contract,verified_free,CIT-048,9,3,6,162,P1,"Another account, secret or protected resource becomes accessible.","Synthetic fixtures establish the stated software contract, not live provider quality or deployed availability.",be03fbedbe0b95204bf9f6d813fab43a370c2cc21414908545dcfb3a5e4d1319
data_integrity_partial_writes,"native start, update and final preserve the source snapshot and map known nodes","Contract violation: native start, update and final preserve the source snapshot and map known nodes",The named actual-code contract test checks this behavior; external sockets are denied and model responses are explicit fixtures.,tests/telemetry.test.ts:136,executed_contract,verified_free,CIT-049,8,3,6,144,P1,"Saved source, approval or output no longer matches its authoritative record.","Synthetic fixtures establish the stated software contract, not live provider quality or deployed availability.",5f4eda1fede93d4e696110a491b437273b3d5988ecde597c4b03b0eedc63a34b
race_conditions_and_state,concurrent delayed completions and callbacks invoked by another actor retain their creator,Contract violation: concurrent delayed completions and callbacks invoked by another actor retain their creator,The named actual-code contract test checks this behavior; external sockets are denied and model responses are explicit fixtures.,tests/tenant.test.ts:37,executed_contract,verified_free,CIT-050,8,3,6,144,P1,A delayed or concurrent action changes the wrong state.,"Synthetic fixtures establish the stated software contract, not live provider quality or deployed availability.",400d38edc2a61392bd3a3648a9fe9faf5aa42443161dad7632cd0db522e059ff
scale_and_load_failures,all unsafe paths are rejected before creating upload storage,Contract violation: all unsafe paths are rejected before creating upload storage,The named actual-code contract test checks this behavior; external sockets are denied and model responses are explicit fixtures.,tests/uploads.test.ts:102,executed_contract,verified_free,CIT-051,7,3,5,105,P1,Concurrent workloads interfere or leave capacity unavailable.,"Synthetic fixtures establish the stated software contract, not live provider quality or deployed availability.",026fbc62ca7c61fc5bdda730cec29099d2025deadb961e4de7f1b4b59ef0e976
external_dependency_failures,synthetic local key import returns metadata only; invalid-key preflight never calls a provider,Contract violation: synthetic local key import returns metadata only; invalid-key preflight never calls a provider,The named actual-code contract test checks this behavior; external sockets are denied and model responses are explicit fixtures.,tests/api.test.ts:310,executed_contract,verified_free,CIT-052,7,4,5,140,P1,Upstream failure leaks into the workflow or causes unsupported fallback.,"Synthetic fixtures establish the stated software contract, not live provider quality or deployed availability.",8c468796da8f29b5be5acfc824d08790759da7389a4e34de03d7152737124607
security_access_control,credential values are redacted from stored evidence,Contract violation: credential values are redacted from stored evidence,The named actual-code contract test checks this behavior; external sockets are denied and model responses are explicit fixtures.,tests/evals.test.ts:54,executed_contract,verified_free,CIT-053,9,3,6,162,P1,"Another account, secret or protected resource becomes accessible.","Synthetic fixtures establish the stated software contract, not live provider quality or deployed availability.",77145bef0827b7be2d7665872ff5df0421787fa4fb3ac53330600a661213180d
security_access_control,foreign Origin and Host cannot invoke the app,Contract violation: foreign Origin and Host cannot invoke the app,The named actual-code contract test checks this behavior; external sockets are denied and model responses are explicit fixtures.,tests/export.test.ts:194,executed_contract,verified_free,CIT-054,9,3,6,162,P1,"Another account, secret or protected resource becomes accessible.","Synthetic fixtures establish the stated software contract, not live provider quality or deployed availability.",67463a5b9a58980c93c12ec72912472f7db8fed66f7fb34e8aaf513e63f13cb0
security_access_control,"GitHub token stays in memory, scopes metadata to the authenticated user, and sanitizes failures","Contract violation: gitHub token stays in memory, scopes metadata to the authenticated user, and sanitizes failures",The named actual-code contract test checks this behavior; external sockets are denied and model responses are explicit fixtures.,tests/github.test.ts:261,executed_contract,verified_free,CIT-055,9,3,6,162,P1,"Another account, secret or protected resource becomes accessible.","Synthetic fixtures establish the stated software contract, not live provider quality or deployed availability.",23a33ee05c1c3dfb75f57d0180ff5eea3ec3a39079ef6090a952616e5039cce3
observability_gaps,observed span hierarchy takes precedence without inventing an observed static feedback cycle,Contract violation: observed span hierarchy takes precedence without inventing an observed static feedback cycle,The named actual-code contract test checks this behavior; external sockets are denied and model responses are explicit fixtures.,tests/graph-presentation.test.ts:223,executed_contract,verified_free,CIT-056,6,4,6,144,P1,"The operator or user cannot distinguish failure, partial evidence and success.","Synthetic fixtures establish the stated software contract, not live provider quality or deployed availability.",a39b1b92385f7fefeaf9835ef411759f92f42fe6e244a2ba5db6782c17707a66
security_access_control,hosted HTTP boundary protects every route and retains bearer-authenticated trace ingestion,Contract violation: hosted HTTP boundary protects every route and retains bearer-authenticated trace ingestion,The named actual-code contract test checks this behavior; external sockets are denied and model responses are explicit fixtures.,tests/hosting.test.ts:99,executed_contract,verified_free,CIT-057,9,3,6,162,P1,"Another account, secret or protected resource becomes accessible.","Synthetic fixtures establish the stated software contract, not live provider quality or deployed availability.",cef955a268e5a4c88b0bed0d2759c1dcc0073a1143db7da0501c6e1438b77ca9
security_access_control,"sandbox policy denies network, writes and process creation","Contract violation: sandbox policy denies network, writes and process creation",The named actual-code contract test checks this behavior; external sockets are denied and model responses are explicit fixtures.,tests/importer.test.ts:67,executed_contract,verified_free,CIT-058,9,3,6,162,P1,"Another account, secret or protected resource becomes accessible.","Synthetic fixtures establish the stated software contract, not live provider quality or deployed availability.",bb9c34a892f4d5869ec95188cec2af32933655398f7b15e2cc3c681868135019
edge_cases_from_prd,Model Lab: node mode uses captured fixed input and saved history survives project edits and another project run,Contract violation: model Lab: node mode uses captured fixed input and saved history survives project edits and another project run,The named actual-code contract test checks this behavior; external sockets are denied and model responses are explicit fixtures.,tests/journey-assessments.test.ts:310,executed_contract,verified_free,CIT-059,7,4,5,140,P1,The product returns an outcome that violates its stated workflow.,"Synthetic fixtures establish the stated software contract, not live provider quality or deployed availability.",20e68b4ed8b9dd5d460a5c79d8d69636e373cdabe08793663405cebe7dba837f
resource_exhaustion,saved prompt and edge edits reach inference; bounded feedback only releases repaired output,Contract violation: saved prompt and edge edits reach inference; bounded feedback only releases repaired output,The named actual-code contract test checks this behavior; external sockets are denied and model responses are explicit fixtures.,tests/journey-build.test.ts:308,executed_contract,verified_free,CIT-060,7,3,5,105,P1,"A request exhausts bounded compute, memory or storage.","Synthetic fixtures establish the stated software contract, not live provider quality or deployed availability.",cee88c6d4850465d07802b0ab850a071e615edd2ff254966f873bc7e22a43d6e
security_access_control,folder selection reports excluded resources; a missing map credential does not masquerade as mapped source,Contract violation: folder selection reports excluded resources; a missing map credential does not masquerade as mapped source,The named actual-code contract test checks this behavior; external sockets are denied and model responses are explicit fixtures.,tests/journey-connect.test.ts:323,executed_contract,verified_free,CIT-061,9,3,6,162,P1,"Another account, secret or protected resource becomes accessible.","Synthetic fixtures establish the stated software contract, not live provider quality or deployed availability.",d8a69ac01085bccca00c281d0772cc91151e8166bd92cf4e9d4da9d868f5ea76
external_dependency_failures,Langfuse refuses redirects without forwarding project keys,Contract violation: langfuse refuses redirects without forwarding project keys,The named actual-code contract test checks this behavior; external sockets are denied and model responses are explicit fixtures.,tests/langfuse.test.ts:222,executed_contract,verified_free,CIT-062,7,4,5,140,P1,Upstream failure leaks into the workflow or causes unsupported fallback.,"Synthetic fixtures establish the stated software contract, not live provider quality or deployed availability.",63f7e338e9bda6e96891d8894694e1da21a14ac791fe61476788dab13f3d0287
external_dependency_failures,request abort reaches fetch and an empty/safety-blocked output is not a success,Contract violation: request abort reaches fetch and an empty/safety-blocked output is not a success,The named actual-code contract test checks this behavior; external sockets are denied and model responses are explicit fixtures.,tests/providers.test.ts:276,executed_contract,verified_free,CIT-063,7,4,5,140,P1,Upstream failure leaks into the workflow or causes unsupported fallback.,"Synthetic fixtures establish the stated software contract, not live provider quality or deployed availability.",4487ca86eee7971d93af3a88a2cd7c6a3eafceb88c1c38a5714435ceace98197
resource_exhaustion,source review makes one bounded model call and stores source-only findings without target runs,Contract violation: source review makes one bounded model call and stores source-only findings without target runs,The named actual-code contract test checks this behavior; external sockets are denied and model responses are explicit fixtures.,tests/redteam.test.ts:204,executed_contract,verified_free,CIT-064,7,3,5,105,P1,"A request exhausts bounded compute, memory or storage.","Synthetic fixtures establish the stated software contract, not live provider quality or deployed availability.",5d20cadf32849b16e5e35a913c3be14fc87be35c72299b1ca3504ecbc98d4c1f
edge_cases_from_prd,exhausted reflection withholds final response,Contract violation: exhausted reflection withholds final response,The named actual-code contract test checks this behavior; external sockets are denied and model responses are explicit fixtures.,tests/runtime.test.ts:73,executed_contract,verified_free,CIT-065,7,4,5,140,P1,The product returns an outcome that violates its stated workflow.,"Synthetic fixtures establish the stated software contract, not live provider quality or deployed availability.",90b97f4762653d66003918f5c5519028a4430695d178b18352563e0722a8fc3b
retry_idempotency_issues,"semantic proposals reject invented, multiply assigned and repeated candidate IDs","Contract violation: semantic proposals reject invented, multiply assigned and repeated candidate IDs",The named actual-code contract test checks this behavior; external sockets are denied and model responses are explicit fixtures.,tests/semantic-map.test.ts:187,executed_contract,verified_free,CIT-066,8,3,5,120,P1,Repeating or resuming an action creates unwanted extra work.,"Synthetic fixtures establish the stated software contract, not live provider quality or deployed availability.",c2fe2054e762354e9d0de0264b59881a10855190368615a8de56e66bffa640b3
edge_cases_from_prd,returning to the same account does not revive requests from its earlier session,Contract violation: returning to the same account does not revive requests from its earlier session,The named actual-code contract test checks this behavior; external sockets are denied and model responses are explicit fixtures.,tests/session-fence.test.ts:33,executed_contract,verified_free,CIT-067,7,4,5,140,P1,The product returns an outcome that violates its stated workflow.,"Synthetic fixtures establish the stated software contract, not live provider quality or deployed availability.",df5684ede460511c06b03c53e5f06b767ab9131489ca1f4d6d2494d8f63edb48
retry_idempotency_issues,Python AST recovers declared graph loops and branches without executing source or import hooks,Contract violation: python AST recovers declared graph loops and branches without executing source or import hooks,The named actual-code contract test checks this behavior; external sockets are denied and model responses are explicit fixtures.,tests/source-map.test.ts:124,executed_contract,verified_free,CIT-068,8,3,5,120,P1,Repeating or resuming an action creates unwanted extra work.,"Synthetic fixtures establish the stated software contract, not live provider quality or deployed availability.",50cd909d06b39823017d5c492131a05120448a21b50c1a0c6adaa257ffe454eb
edge_cases_from_prd,"small files are complete; distant line requests clamp and long content stays within 40,000 characters","Contract violation: small files are complete; distant line requests clamp and long content stays within 40,000 characters",The named actual-code contract test checks this behavior; external sockets are denied and model responses are explicit fixtures.,tests/source-preview.test.ts:210,executed_contract,verified_free,CIT-069,7,4,5,140,P1,The product returns an outcome that violates its stated workflow.,"Synthetic fixtures establish the stated software contract, not live provider quality or deployed availability.",2c87a7fe55300c730c5359370d76b6505b497ab43143972d4a7020dd5dc4410c
security_access_control,"selection reserves hidden authentication support and obeys file, excerpt and total bounds","Contract violation: selection reserves hidden authentication support and obeys file, excerpt and total bounds",The named actual-code contract test checks this behavior; external sockets are denied and model responses are explicit fixtures.,tests/source-review.test.ts:191,executed_contract,verified_free,CIT-070,9,3,6,162,P1,"Another account, secret or protected resource becomes accessible.","Synthetic fixtures establish the stated software contract, not live provider quality or deployed availability.",2fa5da1c6d5499704ee2ebdb3bb3843e96dc3d3bbeb84037487077621e38eabd
security_access_control,"wrong version, owner metadata, checksum, truncated and expanded bodies never hydrate","Contract violation: wrong version, owner metadata, checksum, truncated and expanded bodies never hydrate",The named actual-code contract test checks this behavior; external sockets are denied and model responses are explicit fixtures.,tests/source-storage.test.ts:100,executed_contract,verified_free,CIT-071,9,3,6,162,P1,"Another account, secret or protected resource becomes accessible.","Synthetic fixtures establish the stated software contract, not live provider quality or deployed availability.",be03fbedbe0b95204bf9f6d813fab43a370c2cc21414908545dcfb3a5e4d1319
security_access_control,external evidence redacts tokens in every persisted field,Contract violation: external evidence redacts tokens in every persisted field,The named actual-code contract test checks this behavior; external sockets are denied and model responses are explicit fixtures.,tests/telemetry.test.ts:220,executed_contract,verified_free,CIT-072,9,3,6,162,P1,"Another account, secret or protected resource becomes accessible.","Synthetic fixtures establish the stated software contract, not live provider quality or deployed availability.",5f4eda1fede93d4e696110a491b437273b3d5988ecde597c4b03b0eedc63a34b
security_access_control,BYOK IDs and GitHub PAT/session metadata stay within owner,Contract violation: bYOK IDs and GitHub PAT/session metadata stay within owner,The named actual-code contract test checks this behavior; external sockets are denied and model responses are explicit fixtures.,tests/tenant.test.ts:43,executed_contract,verified_free,CIT-073,9,3,6,162,P1,"Another account, secret or protected resource becomes accessible.","Synthetic fixtures establish the stated software contract, not live provider quality or deployed availability.",400d38edc2a61392bd3a3648a9fe9faf5aa42443161dad7632cd0db522e059ff
retry_idempotency_issues,"duplicates, normalization/case collisions and file-directory collisions fail atomically","Contract violation: duplicates, normalization/case collisions and file-directory collisions fail atomically",The named actual-code contract test checks this behavior; external sockets are denied and model responses are explicit fixtures.,tests/uploads.test.ts:135,executed_contract,verified_free,CIT-074,8,3,5,120,P1,Repeating or resuming an action creates unwanted extra work.,"Synthetic fixtures establish the stated software contract, not live provider quality or deployed availability.",026fbc62ca7c61fc5bdda730cec29099d2025deadb961e4de7f1b4b59ef0e976
data_integrity_partial_writes,red-team run rejects absent or false approval before dispatch,Contract violation: red-team run rejects absent or false approval before dispatch,The named actual-code contract test checks this behavior; external sockets are denied and model responses are explicit fixtures.,tests/api.test.ts:360,executed_contract,verified_free,CIT-075,8,3,6,144,P1,"Saved source, approval or output no longer matches its authoritative record.","Synthetic fixtures establish the stated software contract, not live provider quality or deployed availability.",8c468796da8f29b5be5acfc824d08790759da7389a4e34de03d7152737124607
resource_exhaustion,invalid and oversized inputs stop before a provider call,Contract violation: invalid and oversized inputs stop before a provider call,The named actual-code contract test checks this behavior; external sockets are denied and model responses are explicit fixtures.,tests/export.test.ts:237,executed_contract,verified_free,CIT-076,7,3,5,105,P1,"A request exhausts bounded compute, memory or storage.","Synthetic fixtures establish the stated software contract, not live provider quality or deployed availability.",67463a5b9a58980c93c12ec72912472f7db8fed66f7fb34e8aaf513e63f13cb0
security_access_control,disconnect prevents a delayed token validation from restoring revoked session state,Contract violation: disconnect prevents a delayed token validation from restoring revoked session state,The named actual-code contract test checks this behavior; external sockets are denied and model responses are explicit fixtures.,tests/github.test.ts:348,executed_contract,verified_free,CIT-077,9,3,6,162,P1,"Another account, secret or protected resource becomes accessible.","Synthetic fixtures establish the stated software contract, not live provider quality or deployed availability.",23a33ee05c1c3dfb75f57d0180ff5eea3ec3a39079ef6090a952616e5039cce3
edge_cases_from_prd,cycles stay explicit while descendants remain to the right of their entire component,Contract violation: cycles stay explicit while descendants remain to the right of their entire component,The named actual-code contract test checks this behavior; external sockets are denied and model responses are explicit fixtures.,tests/graph-presentation.test.ts:248,executed_contract,verified_free,CIT-078,7,4,5,140,P1,The product returns an outcome that violates its stated workflow.,"Synthetic fixtures establish the stated software contract, not live provider quality or deployed availability.",a39b1b92385f7fefeaf9835ef411759f92f42fe6e244a2ba5db6782c17707a66
security_access_control,"proxy token is mandatory for health, assets and application data","Contract violation: proxy token is mandatory for health, assets and application data",The named actual-code contract test checks this behavior; external sockets are denied and model responses are explicit fixtures.,tests/hosting.test.ts:228,executed_contract,verified_free,CIT-079,9,3,6,162,P1,"Another account, secret or protected resource becomes accessible.","Synthetic fixtures establish the stated software contract, not live provider quality or deployed availability.",cef955a268e5a4c88b0bed0d2759c1dcc0073a1143db7da0501c6e1438b77ca9
security_access_control,"macOS sandbox actually denies external reads, writes, network and child execution","Contract violation: macOS sandbox actually denies external reads, writes, network and child execution",The named actual-code contract test checks this behavior; external sockets are denied and model responses are explicit fixtures.,tests/importer.test.ts:78,executed_contract,verified_free,CIT-080,9,3,6,162,P1,"Another account, secret or protected resource becomes accessible.","Synthetic fixtures establish the stated software contract, not live provider quality or deployed availability.",bb9c34a892f4d5869ec95188cec2af32933655398f7b15e2cc3c681868135019
config_feature_flag_drift,Model Lab: fixed models and unsupported imported node replacement reject before generation,Contract violation: model Lab: fixed models and unsupported imported node replacement reject before generation,The named actual-code contract test checks this behavior; external sockets are denied and model responses are explicit fixtures.,tests/journey-assessments.test.ts:357,executed_contract,verified_free,CIT-081,8,3,5,120,P1,Deployment or feature settings violate the intended execution boundary.,"Synthetic fixtures establish the stated software contract, not live provider quality or deployed availability.",20e68b4ed8b9dd5d460a5c79d8d69636e373cdabe08793663405cebe7dba837f
unhandled_error_paths,exhausted checks and schema mismatch preserve failure evidence without final output,Contract violation: exhausted checks and schema mismatch preserve failure evidence without final output,The named actual-code contract test checks this behavior; external sockets are denied and model responses are explicit fixtures.,tests/journey-build.test.ts:368,executed_contract,verified_free,CIT-082,7,3,5,105,P1,A core action stops or returns a false success.,"Synthetic fixtures establish the stated software contract, not live provider quality or deployed availability.",cee88c6d4850465d07802b0ab850a071e615edd2ff254966f873bc7e22a43d6e
security_access_control,"validate a fixture model, retain source after malformed AI response, retry to a source-backed workflow, and inspect redacted code","Contract violation: validate a fixture model, retain source after malformed AI response, retry to a source-backed workflow, and inspect redacted code",The named actual-code contract test checks this behavior; external sockets are denied and model responses are explicit fixtures.,tests/journey-connect.test.ts:360,executed_contract,verified_free,CIT-083,9,3,6,162,P1,"Another account, secret or protected resource becomes accessible.","Synthetic fixtures establish the stated software contract, not live provider quality or deployed availability.",d8a69ac01085bccca00c281d0772cc91151e8166bd92cf4e9d4da9d868f5ea76
security_access_control,"Langfuse validation rejects authorization, malformed JSON and invalid project responses","Contract violation: langfuse validation rejects authorization, malformed JSON and invalid project responses",The named actual-code contract test checks this behavior; external sockets are denied and model responses are explicit fixtures.,tests/langfuse.test.ts:250,executed_contract,verified_free,CIT-084,9,3,6,162,P1,"Another account, secret or protected resource becomes accessible.","Synthetic fixtures establish the stated software contract, not live provider quality or deployed availability.",63f7e338e9bda6e96891d8894694e1da21a14ac791fe61476788dab13f3d0287
scale_and_load_failures,five comparison slots preserve mixed successes and independent infrastructure errors,Contract violation: five comparison slots preserve mixed successes and independent infrastructure errors,The named actual-code contract test checks this behavior; external sockets are denied and model responses are explicit fixtures.,tests/providers.test.ts:347,executed_contract,verified_free,CIT-085,7,3,5,105,P1,Concurrent workloads interfere or leave capacity unavailable.,"Synthetic fixtures establish the stated software contract, not live provider quality or deployed availability.",4487ca86eee7971d93af3a88a2cd7c6a3eafceb88c1c38a5714435ceace98197
billing_credit_mismatches,changing the approved graph rejects source review before spend or status transition,Contract violation: changing the approved graph rejects source review before spend or status transition,The named actual-code contract test checks this behavior; external sockets are denied and model responses are explicit fixtures.,tests/redteam.test.ts:243,executed_contract,verified_free,CIT-086,8,3,6,144,P1,"Usage, credits or reported costs do not match performed work.","Synthetic fixtures establish the stated software contract, not live provider quality or deployed availability.",5d20cadf32849b16e5e35a913c3be14fc87be35c72299b1ca3504ecbc98d4c1f
unhandled_error_paths,hidden policy cannot bypass execution and malformed graph stops before calls,Contract violation: hidden policy cannot bypass execution and malformed graph stops before calls,The named actual-code contract test checks this behavior; external sockets are denied and model responses are explicit fixtures.,tests/runtime.test.ts:83,executed_contract,verified_free,CIT-087,7,3,5,105,P1,A core action stops or returns a false success.,"Synthetic fixtures establish the stated software contract, not live provider quality or deployed availability.",90b97f4762653d66003918f5c5519028a4430695d178b18352563e0722a8fc3b
retry_idempotency_issues,semantic proposals reject duplicate node IDs and dangling or self relationships,Contract violation: semantic proposals reject duplicate node IDs and dangling or self relationships,The named actual-code contract test checks this behavior; external sockets are denied and model responses are explicit fixtures.,tests/semantic-map.test.ts:207,executed_contract,verified_free,CIT-088,8,3,5,120,P1,Repeating or resuming an action creates unwanted extra work.,"Synthetic fixtures establish the stated software contract, not live provider quality or deployed availability.",c2fe2054e762354e9d0de0264b59881a10855190368615a8de56e66bffa640b3
unhandled_error_paths,"literal Python graph-like text and syntax failures remain inventory, not invented workflow","Contract violation: literal Python graph-like text and syntax failures remain inventory, not invented workflow",The named actual-code contract test checks this behavior; external sockets are denied and model responses are explicit fixtures.,tests/source-map.test.ts:199,executed_contract,verified_free,CIT-089,7,3,5,105,P1,A core action stops or returns a false success.,"Synthetic fixtures establish the stated software contract, not live provider quality or deployed availability.",50cd909d06b39823017d5c492131a05120448a21b50c1a0c6adaa257ffe454eb
edge_cases_from_prd,files outside the project inventory are denied without reading their contents,Contract violation: files outside the project inventory are denied without reading their contents,The named actual-code contract test checks this behavior; external sockets are denied and model responses are explicit fixtures.,tests/source-preview.test.ts:232,executed_contract,verified_free,CIT-090,7,4,5,140,P1,The product returns an outcome that violates its stated workflow.,"Synthetic fixtures establish the stated software contract, not live provider quality or deployed availability.",2c87a7fe55300c730c5359370d76b6505b497ab43143972d4a7020dd5dc4410c
security_access_control,"protected inventory excludes traversal, symlinks, secret paths and unimported files","Contract violation: protected inventory excludes traversal, symlinks, secret paths and unimported files",The named actual-code contract test checks this behavior; external sockets are denied and model responses are explicit fixtures.,tests/source-review.test.ts:238,executed_contract,verified_free,CIT-091,9,3,6,162,P1,"Another account, secret or protected resource becomes accessible.","Synthetic fixtures establish the stated software contract, not live provider quality or deployed availability.",2fa5da1c6d5499704ee2ebdb3bb3843e96dc3d3bbeb84037487077621e38eabd
edge_cases_from_prd,unsafe or excessive source never causes PutObject,Contract violation: unsafe or excessive source never causes PutObject,The named actual-code contract test checks this behavior; external sockets are denied and model responses are explicit fixtures.,tests/source-storage.test.ts:117,executed_contract,verified_free,CIT-092,7,4,5,140,P1,The product returns an outcome that violates its stated workflow.,"Synthetic fixtures establish the stated software contract, not live provider quality or deployed availability.",be03fbedbe0b95204bf9f6d813fab43a370c2cc21414908545dcfb3a5e4d1319
retry_idempotency_issues,"duplicate IDs, parent cycles and premature completion do not persist","Contract violation: duplicate IDs, parent cycles and premature completion do not persist",The named actual-code contract test checks this behavior; external sockets are denied and model responses are explicit fixtures.,tests/telemetry.test.ts:248,executed_contract,verified_free,CIT-093,8,3,5,120,P1,Repeating or resuming an action creates unwanted extra work.,"Synthetic fixtures establish the stated software contract, not live provider quality or deployed availability.",5f4eda1fede93d4e696110a491b437273b3d5988ecde597c4b03b0eedc63a34b
security_access_control,user redaction values never censor another owner,Contract violation: user redaction values never censor another owner,The named actual-code contract test checks this behavior; external sockets are denied and model responses are explicit fixtures.,tests/tenant.test.ts:52,executed_contract,verified_free,CIT-094,9,3,6,162,P1,"Another account, secret or protected resource becomes accessible.","Synthetic fixtures establish the stated software contract, not live provider quality or deployed availability.",400d38edc2a61392bd3a3648a9fe9faf5aa42443161dad7632cd0db522e059ff
billing_credit_mismatches,file count and UTF-8 budgets include excluded files and fail before writes,Contract violation: file count and UTF-8 budgets include excluded files and fail before writes,The named actual-code contract test checks this behavior; external sockets are denied and model responses are explicit fixtures.,tests/uploads.test.ts:151,executed_contract,verified_free,CIT-095,8,3,6,144,P1,"Usage, credits or reported costs do not match performed work.","Synthetic fixtures establish the stated software contract, not live provider quality or deployed availability.",026fbc62ca7c61fc5bdda730cec29099d2025deadb961e4de7f1b4b59ef0e976
data_integrity_partial_writes,saved revisions and exported runnable ZIP remove keys and machine source references,Contract violation: saved revisions and exported runnable ZIP remove keys and machine source references,The named actual-code contract test checks this behavior; external sockets are denied and model responses are explicit fixtures.,tests/api.test.ts:381,executed_contract,verified_free,CIT-096,8,3,6,144,P1,"Saved source, approval or output no longer matches its authoritative record.","Synthetic fixtures establish the stated software contract, not live provider quality or deployed availability.",8c468796da8f29b5be5acfc824d08790759da7389a4e34de03d7152737124607
scale_and_load_failures,disconnecting during upload does not crash the server,Contract violation: disconnecting during upload does not crash the server,The named actual-code contract test checks this behavior; external sockets are denied and model responses are explicit fixtures.,tests/export.test.ts:272,executed_contract,verified_free,CIT-097,7,3,5,105,P1,Concurrent workloads interfere or leave capacity unavailable.,"Synthetic fixtures establish the stated software contract, not live provider quality or deployed availability.",67463a5b9a58980c93c12ec72912472f7db8fed66f7fb34e8aaf513e63f13cb0
scale_and_load_failures,parallel branches use at most four peer rows inside one logical band without fictitious connections,Contract violation: parallel branches use at most four peer rows inside one logical band without fictitious connections,The named actual-code contract test checks this behavior; external sockets are denied and model responses are explicit fixtures.,tests/graph-presentation.test.ts:280,executed_contract,verified_free,CIT-098,7,3,5,105,P1,Concurrent workloads interfere or leave capacity unavailable.,"Synthetic fixtures establish the stated software contract, not live provider quality or deployed availability.",a39b1b92385f7fefeaf9835ef411759f92f42fe6e244a2ba5db6782c17707a66
security_access_control,"spoofed hosts, forwarded hosts and foreign origins are rejected","Contract violation: spoofed hosts, forwarded hosts and foreign origins are rejected",The named actual-code contract test checks this behavior; external sockets are denied and model responses are explicit fixtures.,tests/hosting.test.ts:251,executed_contract,verified_free,CIT-099,9,3,6,162,P1,"Another account, secret or protected resource becomes accessible.","Synthetic fixtures establish the stated software contract, not live provider quality or deployed availability.",cef955a268e5a4c88b0bed0d2759c1dcc0073a1143db7da0501c6e1438b77ca9
security_access_control,"learning adapter runs original overview, schemas and renderer with free model fixtures","Contract violation: learning adapter runs original overview, schemas and renderer with free model fixtures",The named actual-code contract test checks this behavior; external sockets are denied and model responses are explicit fixtures.,tests/importer.test.ts:127,executed_contract,verified_free,CIT-100,9,3,6,162,P1,"Another account, secret or protected resource becomes accessible.","Synthetic fixtures establish the stated software contract, not live provider quality or deployed availability.",bb9c34a892f4d5869ec95188cec2af32933655398f7b15e2cc3c681868135019
observability_gaps,Evals: reviewed suite versions preserve old criteria and baseline distinguishes regression from unscored,Contract violation: evals: reviewed suite versions preserve old criteria and baseline distinguishes regression from unscored,The named actual-code contract test checks this behavior; external sockets are denied and model responses are explicit fixtures.,tests/journey-assessments.test.ts:413,executed_contract,verified_free,CIT-101,6,4,6,144,P1,"The operator or user cannot distinguish failure, partial evidence and success.","Synthetic fixtures establish the stated software contract, not live provider quality or deployed availability.",20e68b4ed8b9dd5d460a5c79d8d69636e373cdabe08793663405cebe7dba837f
security_access_control,cancelling an in-flight run keeps its original revision and never publishes a late reply,Contract violation: cancelling an in-flight run keeps its original revision and never publishes a late reply,The named actual-code contract test checks this behavior; external sockets are denied and model responses are explicit fixtures.,tests/journey-build.test.ts:416,executed_contract,verified_free,CIT-102,9,3,6,162,P1,"Another account, secret or protected resource becomes accessible.","Synthetic fixtures establish the stated software contract, not live provider quality or deployed availability.",cee88c6d4850465d07802b0ab850a071e615edd2ff254966f873bc7e22a43d6e
scale_and_load_failures,"downloaded native helper records a real fixture failure whose node, source and partial output support diagnosis","Contract violation: downloaded native helper records a real fixture failure whose node, source and partial output support diagnosis",The named actual-code contract test checks this behavior; external sockets are denied and model responses are explicit fixtures.,tests/journey-connect.test.ts:427,executed_contract,verified_free,CIT-103,7,3,5,105,P1,Concurrent workloads interfere or leave capacity unavailable.,"Synthetic fixtures establish the stated software contract, not live provider quality or deployed availability.",d8a69ac01085bccca00c281d0772cc91151e8166bd92cf4e9d4da9d868f5ea76
resource_exhaustion,Langfuse sync caps pages and labels a bounded import as limited,Contract violation: langfuse sync caps pages and labels a bounded import as limited,The named actual-code contract test checks this behavior; external sockets are denied and model responses are explicit fixtures.,tests/langfuse.test.ts:274,executed_contract,verified_free,CIT-104,7,3,5,105,P1,"A request exhausts bounded compute, memory or storage.","Synthetic fixtures establish the stated software contract, not live provider quality or deployed availability.",63f7e338e9bda6e96891d8894694e1da21a14ac791fe61476788dab13f3d0287
race_conditions_and_state,cancelling a real run aborts its mocked provider request and preserves earlier events,Contract violation: cancelling a real run aborts its mocked provider request and preserves earlier events,The named actual-code contract test checks this behavior; external sockets are denied and model responses are explicit fixtures.,tests/providers.test.ts:429,executed_contract,verified_free,CIT-105,8,3,6,144,P1,A delayed or concurrent action changes the wrong state.,"Synthetic fixtures establish the stated software contract, not live provider quality or deployed availability.",4487ca86eee7971d93af3a88a2cd7c6a3eafceb88c1c38a5714435ceace98197
security_access_control,a free source plan still requires a usable credential before review execution,Contract violation: a free source plan still requires a usable credential before review execution,The named actual-code contract test checks this behavior; external sockets are denied and model responses are explicit fixtures.,tests/redteam.test.ts:261,executed_contract,verified_free,CIT-106,9,3,6,162,P1,"Another account, secret or protected resource becomes accessible.","Synthetic fixtures establish the stated software contract, not live provider quality or deployed availability.",5d20cadf32849b16e5e35a913c3be14fc87be35c72299b1ca3504ecbc98d4c1f
resource_exhaustion,data cycles fail but feedback edges remain bounded,Contract violation: data cycles fail but feedback edges remain bounded,The named actual-code contract test checks this behavior; external sockets are denied and model responses are explicit fixtures.,tests/runtime.test.ts:94,executed_contract,verified_free,CIT-107,7,3,5,105,P1,"A request exhausts bounded compute, memory or storage.","Synthetic fixtures establish the stated software contract, not live provider quality or deployed availability.",90b97f4762653d66003918f5c5519028a4430695d178b18352563e0722a8fc3b
security_access_control,semantic source scrubber removes common credential literals while preserving structure,Contract violation: semantic source scrubber removes common credential literals while preserving structure,The named actual-code contract test checks this behavior; external sockets are denied and model responses are explicit fixtures.,tests/semantic-map.test.ts:243,executed_contract,verified_free,CIT-108,9,3,6,162,P1,"Another account, secret or protected resource becomes accessible.","Synthetic fixtures establish the stated software contract, not live provider quality or deployed availability.",c2fe2054e762354e9d0de0264b59881a10855190368615a8de56e66bffa640b3
scale_and_load_failures,Distributed multi-instance admission is not established by single-process native fixtures,Distributed multi-instance admission is not established by single-process native fixtures,Existing capability restrictions remain; this audit does not enable new infrastructure or live providers.,server/runtime.ts,unverified_risk,residual,CIT-109,7,3,5,105,P1,Concurrent workloads interfere or leave capacity unavailable.,"Synthetic fixtures establish the stated software contract, not live provider quality or deployed availability.",3ffe42f9920087a84a79b7259a07bf410e9df0e35d62756d1a091ca48994febe
billing_credit_mismatches,Provider invoice reconciliation is not established by synthetic usage receipts,Provider invoice reconciliation is not established by synthetic usage receipts,Existing capability restrictions remain; this audit does not enable new infrastructure or live providers.,server/providers.ts,unverified_risk,residual,CIT-110,8,3,6,144,P1,"Usage, credits or reported costs do not match performed work.","Synthetic fixtures establish the stated software contract, not live provider quality or deployed availability.",9f9ce62e87fbffc846b6554476e81e73acd52af4456528fa7d5b9c1e6e1c9159
external_dependency_failures,Real provider availability is not proven by mocked discovery or inference,Real provider availability is not proven by mocked discovery or inference,Existing capability restrictions remain; this audit does not enable new infrastructure or live providers.,server/providers.ts,unverified_risk,residual,CIT-111,7,4,5,140,P1,Upstream failure leaks into the workflow or causes unsupported fallback.,"Synthetic fixtures establish the stated software contract, not live provider quality or deployed availability.",9f9ce62e87fbffc846b6554476e81e73acd52af4456528fa7d5b9c1e6e1c9159
edge_cases_from_prd,Generic repository code execution still requires a reviewed Docker capability,Generic repository code execution still requires a reviewed Docker capability,Existing capability restrictions remain; this audit does not enable new infrastructure or live providers.,server/importer.ts,unverified_risk,residual,CIT-112,7,4,5,140,P1,The product returns an outcome that violates its stated workflow.,"Synthetic fixtures establish the stated software contract, not live provider quality or deployed availability.",b10406b71a963528adca7ece7a51da7541f100d43233ea61183a34da3bb38914
